,nombre,nombre_asesor,partido,pcia,asesores_masculinos,asesores_femeninos
Aguilar    Eduardo Alberto,Aguilar    Eduardo Alberto,"['CAROLINA ARACELI', 'JORGE ALBERTO', 'GONZALO', 'LUCAS TOMAS', 'AGUSTIN ALEJANDRO', 'RUBEN OMAR', 'LUIS EMANUEL', 'GUSTAVO ADOLFO', 'DANIEL FERNANDO', 'MARIA JOSE', 'NADIA CECILIA', 'CAROLINA NOEMÍ', 'RUBEN LEONARDO', 'DIMAS EZEQUIEL', 'MARIA ELENA', 'DIEGO OSCAR', 'MAURO SEBASTIAN', 'MARIANO ATILIO', 'SONIA ROXANA', 'RAQUEL CAROLINA', 'HECTOR HORACIO', 'DANIEL RAMÓN', 'MIRTHA ALICIA']",Frente para la Victoria,Chaco,15,8
Almirón    Ana Claudia,Almirón    Ana Claudia,"['MARIANA CARLA', 'CARLOS MATIAS', 'JUAN BERNARDO', 'ELI EMMANUEL', 'ADRIANA RITA DE LUJAN', 'MIGUEL ADOLFO', 'MARIANO HERNAN', 'JUAN MANUEL', 'GIMENA JESUS PABLA', 'ANA MARIA MARLENE', 'DIEGO OSCAR', 'MARIA LAURA', 'DIEGO ANDRES', 'MILENA IARA', 'HUGO JOSE', 'ANGEL ESTEBAN', 'NORA MABEL', 'NICOLAS DANIEL', 'CYNTIA MARISOL', 'RAUL ALFREDO', 'ALEJANDRO CESAR', 'LORENA RAQUEL', 'SOLEDAD ISABEL', 'JULIETA NABILA', 'RICARDO HORACIO', 'DEBORA LUCIA', 'ENRIQUE MARTIN', 'JESSICA SOLEDAD']",Alianza Frente para la Victoria,Corrientes,15,13
Alperovich    José Jorge,Alperovich    José Jorge,"['MIGUEL OSCAR', 'GABRIEL MAXIMILIANO', 'ELIZABETH DEL CARMEN', 'MARIA AGUEDA', 'PAOLA ROMINA', 'MARIANO MARCOS', 'LUCAS', 'GONZALO MAXIMILIANO', 'ANA', 'CARLOS RAFAEL', 'CRISTIAN ANDRES', 'NICOLAS JOSE', 'MARIA DE LOS ANGELES', 'MARINA LAURA', 'JORGE SALVADOR', 'MARTINA ELIZABETH', 'SILVIA AGUEDA', 'SANTIAGO LUIS', 'NORA LILIANA', 'NATALIA ESTELA', 'LUCIA', 'GABRIELA', 'ROCIO GRACIELA', 'CECILIA ANAHI']",Alianza Frente para la Victoria,Tucumán,10,14
Basualdo    Roberto Gustavo,Basualdo    Roberto Gustavo,"['VALERIA DEL VALLE', 'GABRIEL LEONARDO', 'CAROLINA ELIZABETH', 'EDUARDO ANTONIO', 'LEANDRO FRANCISCO', 'MARIA INES', 'MODESTO ANTONIO', 'LUIS ALBERTO', 'MARIA CELESTE', 'RICARDO FRANCISCO', 'ELIZABETH DE JESUS', 'NANCY BEATRIZ', 'ALDO ANDRES', 'JOSE JESUS', 'SILVIA MARÍA MARQUESA']",Alianza Cambiemos San Juan,San Juan,8,7
Blas    Inés Imelda,Blas    Inés Imelda,"['GABRIELA', 'MARTHA INES DEL VALLE', 'MARIA XIMENA', 'MAXIMILIANO MATIAS', 'ANA JULIA', 'CARLOS MARIA', 'JOSE ANTONIO', 'MARIA DEL CARMEN', 'FAVIOLA NATHALIE', 'JULIO GUSTAVO', 'VIRGINIA BELEN', 'ERIKA FERNANDA', 'PAULA GABRIELA', 'MARIANA ELISA', 'MONICA CECILIA', 'GILDA MONICA']",Alianza Frente para la Victoria,Catamarca,4,12
Boyadjian    Miriam Ruth,Boyadjian    Miriam Ruth,"['ADRIAN ALFREDO', 'PABLO ANTONIO', 'ELVIRA ALEJANDRA', 'FLORENCIA GISELE', 'LUCIA DEBORA', 'FABRICIO EZEQUIEL', 'LEONARDO MARIANO', 'MARIA PIA', 'ANDRES JOSE', 'REINALDO GUILLERMO', 'VERONICA VANESA', 'JAVIER DARIO', 'FABIANA DEL CARMEN', 'ALEJANDRO MARTIN', 'MATIAS SEBASTIAN', 'GRISELDA ELISABETH', 'ARSENIO ARIEL', 'CLAUDIA ALEJANDRA', 'ANDRES ALBERTO', 'MARIELA CELESTE', 'DIEGO EZEQUIEL']",Movimiento Popular Fueguino,"Tierra del Fuego, Antártida e Islas del Atlántico Sur",12,9
Braillard Poccard    Néstor Pedro,Braillard Poccard    Néstor Pedro,"['MARIA ELENA', 'MERCEDES ROXANA', 'DIANA BEATRIZ', 'ESTEBAN NICOLAS', 'MARIA CLARA', 'LUCIA SOLEDAD', 'MARIA LAURA', 'TERESA FABIANA', 'ENZO NOEL', 'SHIRLE SILVANA', 'MICAELA VANESA', 'NIOBE ADELA', 'SOFIA ISABEL', 'MARIA NERINA', 'DANILO ARTURO', 'ROLANDO JOSE', 'PAULA VANESA', 'MARIA FERNANDA', 'ANABELLA SOLANGE', 'HECTOR JOSE', 'HORACIO OMAR', 'CLAUDIA SUSANA', 'ALICIA RAMONA', 'LEANDRO', 'ALEJANDRO ERNESTO', 'MARIA CELESTE', 'CECILIA MARIA', 'JUAN PABLO', 'PATRICIA BELEN', 'MARCELO RICARDO', 'MARIO ENRIQUE']",Alianza Encuentro Corrientes,Corrientes,11,18
Brizuela y Doria de Cara    Olga Ines,Brizuela y Doria de Cara    Olga Ines,"['MARIA ANA', 'ALEJANDRA JUDITH', 'SILVIA BEATRIZ', 'ESTEFANIA', 'AUGUSTO', 'LUIS MIGUEL', 'HIPOLITO ARIEL', 'OLGA DEL VALLE', 'GIANNI', 'ALEJANDRINA NAHIR', 'VALERIA', 'YESSICA NATALIA', 'ENRIQUE NICOLAS', 'HUGO EMILIO', 'NILDA ELIZABETH', 'SILVIA KARIN', 'GUILLERMO', 'CECILIA INES', 'MARCOS LEANDRO']",Cambiemos Fuerza Civica Riojana,La Rioja,8,11
Bullrich    Esteban Jose,Bullrich    Esteban Jose,"['VIRGINIA', 'FELIPE JORGE', 'AZUL', 'JUAN PABLO', 'TATIANA', 'FRANCISCO JOSE', 'CAROLINA XIMENA', 'MARIA INES', 'ALEJANDRO HERNAN', 'MARIA VERONICA', 'HUGO', 'MATIAS SEBASTIÁN JESÚS', 'JOSEFINA', 'MARIA FLORENCIA']",Cambiemos Buenos Aires,Buenos Aires,6,8
Caserio    Carlos Alberto,Caserio    Carlos Alberto,"['JAVIER OCTAVIO', 'CARLOS MAXIMILIANO', 'JULIAN IGNACIO', 'EUGENIO CESAR', 'EDUARDO FRANCISCO', 'AXEL HERNAN', 'RICARDO ANTONIO', 'MARCELO MARTIN', 'VICTORIA DEL VALLE', 'LEONARDO ROBERTO', 'GUSTAVO HORACIO', 'GIMENA VICTORIA', 'SILVIA INES', 'MARIANO JESUS', 'GUSTAVO DEL VALLE', 'ELENA ARCELIA']",Alianza Unión por Córdoba,Córdoba,12,4
Castillo    Oscar Aníbal,Castillo    Oscar Aníbal,"['MARCELO EDUARDO', 'MARIA EUGENIA', 'ROSA ANGELICA', 'JESSICA LORENA', 'ALICIA PAULA', 'JORGE ALBERTO', 'HAYDEE SUSANA', 'RAMON ENRIQUE', 'ALEJANDRA MARIEL', 'ROGELIO EUGENIO', 'GUILLERMO ALEJANDRO', 'RICARDO ROSENDO', 'DARIO GILBERTO', 'MANUEL CESAR', 'MARIA ANGELA', 'FRANCISCO LUIS', 'ADRIAN EDUARDO', 'MARTIN SEBASTIAN', 'MARIA ALEJANDRA', 'LEONARDO PABLO', 'GUILLERMO', 'ANA BELEN']",Frente Cívico y Social,Catamarca,13,9
Catalán Magni    Julio César,Catalán Magni    Julio César,"['SONIA ISABEL', 'HECTOR HUMBERTO', 'FLORENCIA MELISA', 'MARIA CLARA', 'DANISSA MERCEDES', 'FRANCINA', 'MARIA FERNANDA', 'PAMELA', 'ELENA GRACIELA', 'STELLA MARIS', 'ROBERTO ALFREDO', 'GISELA', 'NELLO ARIEL', 'ANDREA BETTINA', 'JENNY PAOLA', 'MICAELA', 'EDGARDO OMAR', 'AYMARA JAZMIN', 'SANDRA ELENA', 'NATALIA SOLEDAD', 'ADRIANA ELISA', 'LUCIANA', 'MARIA FLORENCIA', 'FERNANDO JUAN LUIS', 'JOSE LUIS', 'GONZALO', 'LEONEL', 'RODOLFO HORACIO', 'NESTOR RUBEN', 'MARIA ALICIA', 'SANTIAGO JAVIER CEFERINO', 'MARTIN DARIO', 'MARIA JOSE', 'MARIA GALA', 'JEREMIAS', 'JAVIER', 'JUAN ANDRES']",Frente para la Victoria,"Tierra del Fuego, Antártida e Islas del Atlántico Sur",15,21
Catalfamo    María Eugenia,Catalfamo    María Eugenia,"['ADRIANA ALICIA', 'NICOLAS ESTEBAN', 'MARIA LAURA', 'EDGARDO GERMAN', 'MIGUEL ANGEL', 'MAURO NICOLAS', 'MARIANELA VANESA', 'FERNANDO ALDO', 'JOSE NICOLAS', 'CONSTANZA', 'MILAGROS', 'VIRGINIA', 'MARIA MERCEDES', 'MAURO GASTON', 'MARCELA BEATRIZ', 'MARIA CANDELARIA', 'MARIELA ALEJANDRA', 'MAGDALENA HAYDEÉ', 'RAMIRO EMANUEL', 'DANY LUIS', 'JESICA BETSABE', 'MARIA AGUSTINA', 'ESTEBAN', 'JULIA EVA', 'CARLOS ANGEL']",Frente Unidad Justicialista San Luis,San Luis,11,14
Closs    Maurice Fabián,Closs    Maurice Fabián,"['GABRIELA ALEJANDRINA', 'SERGIO FERNANDO', 'LEONOR BEATRIZ', 'MIRIAM ELIZABETH', 'FABRIZZIO HERNAN', 'DARIO', 'CAROLINA', 'MARIA SABRINA', 'PRISCILA NAHIARA', 'DAVID ADOLFO', 'LUCAS', 'SERGIO RAMIRO', 'LORENA GABRIELA', 'SONIA ELIZABETH', 'VANESA SABRINA', 'MARIA VICTORIA', 'MANUEL ALEJANDRO', 'EVELINA CAROLINA', 'ZULMA HILDA', 'GERMAN ANDRES', 'MARIA SOLEDAD', 'GERMAN IVAN', 'GRACIELA ROSANA', 'GABRIEL CHRISTIAN', 'MARTA GRACIELA', 'ENRIQUE ALFREDO', 'JULIO RICARDO']",Frente Renovador de la Concordia,Misiones,12,15
Cobos    Julio César Cleto,Cobos    Julio César Cleto,"['FLORENCIA', 'LEANDRO', 'FRANCISCO JAVIER', 'GABRIELA FERNANDA', 'MARIA SOLEDAD', 'CAROLINA', 'LILIANA', 'RICARDO EDMUNDO', 'MARIA EUGENIA', 'NESTOR GABRIEL', 'ELEONORA', 'CECILIA EMILCE', 'MARIA ISABEL', 'PAULINA ADRIANA', 'DARIO GASTON', 'MARTIN GABRIEL', 'BASILIA VERONICA', 'PAOLA VIVIANA', 'DIEGO ALBERTO', 'HECTOR ANTONIO', 'VERONICA']",Alianza Cambiemos,Mendoza,8,13
Costa    Eduardo Raúl,Costa    Eduardo Raúl,"['MARCELO MARTIN', 'RAFAEL BALTAZAR', 'LUCIA MARIA', 'PAULA ANDREA']",Union para Vivir Mejor Cambiemos,Santa Cruz,2,2
Crexell    Carmen Lucila,Crexell    Carmen Lucila,"['MARIA ANDREA', 'LUCIANO', 'RODRIGO RAUL', 'INES', 'GERMAN', 'NAHUEL', 'MAGALY', 'JULIANA', 'VALERIA JANINA', 'PABLO GERMAN', 'ALEJANDRO RAUL', 'GABRIEL GUSTAVO', 'LUCAS NICOLAS', 'CARMELA JUANA', 'JUAN FACUNDO', 'MARIA INES']",Movimiento Popular Neuquino,Neuquén,9,7
De Angeli            Alfredo Luis,De Angeli            Alfredo Luis,"['MATIAS IVAN', 'MARTIN JULIAN', 'KAREN CASANDRA', 'ALEJO', 'MARIA ESPERANZA', 'CRISTIAN CARLOS', 'ALFREDO FABIAN', 'ALEJANDRO', 'DARDO CESAR MARIA', 'CLAUDIA LILIANA', 'NESTOR ENRIQUE', 'JORGE OMAR']",Alianza Unión por Entre Ríos,Entre Ríos,9,3
Durango    Norma Haydée,Durango    Norma Haydée,"['STELLA MARIS', 'CHRISTIAN NICOLAS', 'MAGDALENA', 'PABLO JAVIER', 'JORGE EDUARDO', 'MARIA DEL ROSARIO', 'LARA SOL', 'CESAR JUAN AUGUSTO', 'SILVIA MONICA', 'ADRIAN GABRIEL', 'MARIA ROSA', 'CAROLINA LIS', 'DANIELA', 'MARIA FLORENCIA']",Alianza Frente P/Victoria (Peronismo Pampeano),La Pampa,5,9
Elías de Perez    Silvia Beatriz,Elías de Perez    Silvia Beatriz,"['JUAN PABLO', 'ANDREA AGUSTINA', 'BRAHIAN EZEQUIEL', 'ALEJANDRINA MARIA', 'GUSTAVO ALFREDO', 'CRISTIAN GERARDO', 'FELIPE', 'GLADYS AMELIA', 'NICOLAS', 'FERNANDO GERARDO', 'PILAR EUGENIA', 'MICALEA STEFANIA', 'IVANA MARIEL', 'JAVIER HORACIO', 'MIGUEL ANTONIO', 'SILVIA  ANDREA', 'PABLO EZEQUIEL', 'SOLANGE MICAELA', 'PABLO AGUSTIN', 'ANALIA LAURA', 'ANDRES HORACIO', 'MAURO ABEL MAXIMILIANO', 'GUSTAVO ANDRES', 'JORGE EDUARDO', 'SILVIA MABEL', 'MARIA FERNANDA', 'MARIANA GISELLE', 'HECTOR HUGO']",Alianza Cambiemos,Tucumán,16,11
Espínola    Carlos Mauricio,Espínola    Carlos Mauricio,"['MARTIN HECTOR', 'LORENA ITATI', 'ROQUE EUGENIO', 'JACQUELINE', 'FACUNDO', 'BARBARA EVA', 'MIGUEL ALBERTO', 'HORACIO LEONARDO', 'MARCOS DANIEL', 'GUSTAVO LUIS', 'HORACIO ALEJANDRO', 'VALERIA SOLEDAD', 'LUIS ALBERTO', 'AURORA CECILIA', 'SILVIA EUGENIA', 'MARIA GUILLERMINA', 'SUSANA RAQUEL', 'FEDERICO', 'LUIS SERVANDO', 'MARIA SELVA', 'DANIEL ROBERTO', 'PABLO EMANUEL', 'JOSE IGNACIO', 'LEANDRO LUIS MARTIN', 'JUAN CARLOS', 'MARIA PIA', 'TITO ANTONIO', 'MIGUEL ANGEL EVARISTO', 'MARIO DEL TRANSITO']",Alianza Frente para la Victoria,Corrientes,19,10
Fernández de Kirchner    Cristina E.,Fernández de Kirchner    Cristina E.,"['ROMINA', 'FRANCISCO MARIA', 'GABRIEL ORLANDO', 'JULIETA', 'MARIANO RAMIRO', 'NANCY ELIZABETH', 'FEDERICO', 'DIEGO EMILIANO', 'HERNAN', 'VIRGINIA ELENA']",Unidad Ciudadana,Buenos Aires,6,4
Fernández Sagasti    Anabel,Fernández Sagasti    Anabel,"['PABLO DANIEL', 'MALENA', 'SEBASTIAN MARTIN', 'ANDREA VERONICA', 'HELIANA MAGALI', 'VALERIA ALEJANDRA', 'JIMENA', 'GABRIEL', 'MARIA LUZ', 'JUAN MIGUEL', 'LILEN', 'MARIA AMALIA', 'FLABIO ANDRES', 'LIDIA ROSA', 'GUSTAVO OSCAR', 'SILVINA MARTA', 'FELIX RODOLFO', 'EMMANUEL', 'CECILIA YAEL', 'ARMANDO HUMBERTO', 'CARLOS GABRIEL', 'GABRIELA VALENTINA', 'ELEONORA JORGELINA', 'MARIA CELESTE', 'MARIANO MARTIN', 'CRISTIAN OSCAR', 'AYELEN', 'VALENTINA CELESTE', 'ROMAN PABLO ALBERTO', 'OSCAR ALFREDO', 'MARIA CAROLINA']",Alianza Frente para la Victoria,Mendoza,14,17
Fiad    Mario Raymundo,Fiad    Mario Raymundo,"['BERNARDO ENRIQUE', 'BETIANA', 'IGNACIO EZEQUIEL', 'ROMINA ISABEL', 'FEDERICO TOMAS', 'JUAN CARLOS', 'JESUS GABRIEL', 'AUGUSTO MARIANO', 'MARTA LEONIDA', 'SILVIA BEATRIZ', 'LAUTARO', 'BEATRIZ RAQUEL', 'PAOLA ALEJANDRA', 'CARLOS MANUEL']",Frente Jujeño Cambiemos,Jujuy,8,6
Fiore Viñuales    María Cristina del Valle,Fiore Viñuales    María Cristina del Valle,"['LAURA MARCELA', 'MARIA BELEN', 'ROMINA FERNANDA', 'FLORENCIA', 'LEONARDO ARIEL', 'ELSA FERNANDA', 'JUAN MARTIN', 'PAOLA ALEJANDRA', 'JULIO ALBERTO', 'JULIETA', 'VICTORIA AGUSTINA', 'VALENTINA', 'SILVINA MARIA', 'ELIAS DOMINGO', 'ARNALDO MARCELO', 'CLAUDIO JOSE NORBERTO', 'GUILLERMO MANUEL', 'MARIANO HERNAN', 'MAURO', 'INDIANA BEATRIZ', 'SEBASTIAN EZEQUIEL', 'ANDREA LAURA', 'NORBERTO FABIAN', 'MARTIN ADRIAN']",Frente para la Victoria,Salta,12,12
Fuentes    Marcelo Jorge,Fuentes    Marcelo Jorge,"['DAIANA SOLEDAD', 'MARIA GABRIELA', 'JORGE JOSE', 'VALERIA CONSTANZA', 'GRACIELA', 'PEDRO LUIS', 'SOLEDAD', 'JOSE RAMON', 'ROMINA PAULA', 'MARIA LAURA', 'MARIA RAFAELA', 'SALOME EMILSE', 'PATRICIA SILVANA', 'NAHUEL', 'LUCASOSCAR', 'JOSE MARIO', 'DANIEL RAUL', 'LUCAS EMANUEL', 'MARINA', 'LAURA MERCEDES']",Frente para la Victoria,Neuquén,7,12
García Larraburu    Silvina Marcela,García Larraburu    Silvina Marcela,"['NELIDA INES', 'ANAHI', 'JULIETA', 'JULIO JAVIER', 'ALEXA BENITA', 'FERNANDO ANIBAL', 'DANIELA IVANA', 'MARIA AGUSTINA', 'OSCAR EDUARDO', 'LUIS MATEO', 'GUILLERMO MARTIN', 'DEBORA FLORENCIA', 'JULIETA MERCEDES ANDREA', 'ZULMA LUCRECIA', 'CARLA MARIA', 'RUBEN ALEJANDRO', 'DANIELA ELIZABETH', 'MARIA CLARA', 'PATRICIA ALBERTA', 'JOSE ANTONIO']",Frente para la Victoria,Río Negro,7,13
Giacoppo    Silvia del Rosario,Giacoppo    Silvia del Rosario,"['LILIANA NOEMI', 'ANALIA', 'FEDERICO AUGUSTO DANIEL', 'SONIA ALICIA', 'MARIA ALEJANDRA', 'PABLO EDUARDO', 'MARIA BELEN', 'MARIA I. DEL VALLE', 'GONZALO RUBEN', 'ESTELA LAURA', 'MONICA EVELIN', 'MAXIMILIANO JOSE', 'NORBERTO OSCAR', 'SUSANA', 'HUGO DARIO', 'RUBEN', 'ELOY MANUEL', 'MARTIN NICOLAS', 'ESTEBAN', 'OSCAR GUSTAVO', 'MARCELO ALEJANDRO', 'CAROLINA NADIA', 'JORGE JOAQUIN', 'NATALIA NOEMI']",Frente Jujeño Cambiemos,Jujuy,13,11
González    Gladys Esther,González    Gladys Esther,"['MICAELA', 'YESICA MARIEL', 'CLAUDIA', 'FRANCISCO JAVIER', 'GASTON NICOLAS', 'VICTORIA', 'AMERICA BEATRIZ', 'LUCIANA EUGENIA', 'FEDERICO JOAQUIN', 'JUAN PABLO', 'ARI JULIAN', 'SEBASTIAN DANIEL', 'JUAN AGUSTIN', 'MARIA ALEJANDRA', 'FACUNDO']",Cambiemos Buenos Aires,Buenos Aires,8,7
González    María Teresa Margarita,González    María Teresa Margarita,"['ORLANDO GABRIEL', 'VALERIA ERIKA', 'AGOSTINA LUCIA', 'SEBASTIAN EMILIO', 'FEDERICO', 'JUAN CARLOS', 'LEANDRO', 'ANABELLA YESICA', 'MARCELO DANIEL', 'ALBERTINA', 'CAROLINA INES', 'IVON SOLANGE CONCEPCION', 'SILVIA ALEJANDRA', 'RICARDO DANIEL', 'GABRIEL SERGIO', 'MERCEDES', 'JUAN PABLO', 'SANDRA MABEL', 'MARCOS CEVERINO', 'RAQUEL VIRGINIA', 'SOL MARIA', 'LAURA CECILIA', 'ROCIO NATALIA', 'MARIA TERESA GISELLE']",Frente de la Victoria,Formosa,10,14
González    Nancy Susana,González    Nancy Susana,"['NAYLA VICTORIA', 'JUAN ANDRES', 'DIEGO GUILLERMO', 'MARIA JOSE', 'PABLO GUILLERMO', 'SOL ALTAIR', 'CAMILA ANDREA', 'NATALIA ROMINA', 'MARIA FLORENCIA', 'LAUTARO MATIAS', 'WALDEMAR', 'CLAUDIA VANESA', 'MAXIMILIANO DANIEL', 'JULIA', 'MIGUEL', 'JULIO MARTIN', 'MARIA HINDU', 'MARCELO ALEJANDRO']",Alianza Frente para la Victoria,Chubut,9,9
Guastavino    Pedro Guillermo Ángel,Guastavino    Pedro Guillermo Ángel,"['JUAN ALBERTO', 'XIMENA MARTA', 'MAGDALENA', 'ALEJANDRA INES', 'MARIA ALEJANDRA', 'BERNARDINO', 'SEBASTIAN ELADIO', 'SANDRA MARISA', 'RUBEN JORGE', 'HERNAN ALFREDO', 'MARTIN ERNESTO', 'IRENEO', 'MARIANA', 'GISELA', 'SILVINA EUGENIA', 'MARIA DE LOS MILAGROS', 'ANA LAURA', 'MARIANA', 'LUIS ALBERTO', 'ARGENTINA PATRICIA', 'FELIPE', 'JORGE EDUARDO', 'LUCIANO MAURICIO', 'PABLO']",Frente para la Victoria,Entre Ríos,12,12
Ianni    Ana María,Ianni    Ana María,"['CINTHYA NOEMI', 'MARCELO DAMIAN', 'MARIA DANIELA', 'VERONICA ALEJANDRA', 'MARIA INES', 'VICTOR MAXIMILIANO', 'VALERIA', 'ADRIAN GUSTAVO', 'MARIA CAROLINA', 'FERNANDO RODOLFO', 'VANINA GISEL', 'SEBASTIAN RAUL MARIO', 'SERGIO EDUARDO', 'MOIRA NATALIA', 'GUSTAVO FERNANDO', 'JUAN CARLOS', 'MATIAS ALBERTO', 'MARIA DE LOS ANGELES', 'ESTEBAN DANIEL', 'NICOLAS MARTIN']",Frente para la Victoria,Santa Cruz,11,9
Itúrrez de Cappellini    Ada Rosa Del Valle,Itúrrez de Cappellini    Ada Rosa Del Valle,"['HEBE LUZ', 'ISOLDA', 'GERARDO ENRIQUE', 'CARLOS JULIO', 'FERNANDO ARIEL', 'SANDRA JOSEFINA', 'LARA EVA', 'JOHANNA FLORENCIA', 'GUILLERMO ALEJANDRO', 'SARA HERMINIA', 'MARTA VIRGINIA', 'LILIANA BEATRIZ', 'DIEGO FABIAN', 'ELVA BEATRIZ', 'MABEL BEATRIZ', 'ALEJANDRO JOSE', 'TERESA DEL VALLE', 'PABLO MARIANO', 'LUCIANO GASTON', 'ROBERTO', 'HUGO ANTONIO', 'JOSE LUIS', 'MARIANA LUCIA', 'RODOLFO LINO', 'MARIELA ALEJANDRA', 'CLAUDIA PATRICIA', 'RAFAEL ARCANGEL', 'WALTER FELIPE', 'CRISTIAN ARIEL', 'JORGE ERNESTO', 'LIDIA MARCELA', 'YESICA BELEN', 'AAGO PETER']",Frente Cívico por Santiago,Santiago del Estero,16,16
Kunath    Sigrid Elisabeth,Kunath    Sigrid Elisabeth,"['CAMILA INES', 'NORA GLORIA', 'MONICA BEATRIZ', 'LAURA YOLANDA', 'MARIA CLAUDIA', 'NATALIA', 'ESTANISLAO', 'MAX', 'MELINA BELÉN', 'GONZALO AGUSTIN', 'LUISINA', 'CAMILA', 'GASTON RAUL', 'PATRICIA ELIANA']",Frente para la Victoria,Entre Ríos,4,10
López Valverde    Cristina del Carmen,López Valverde    Cristina del Carmen,"['ALEXIS AUGUSTO', 'MARIELA JULIA GUILLERMINA', 'MARIANA', 'EDUARDO MAURICIO', 'MARTA LUZ', 'JOSE EMILIO', 'CECILIA', 'FLORENCIA', 'DANIELA', 'JOSE MANUEL', 'JENNIFER NATALIA', 'VALERIA SOLEDAD', 'MARIANA FERNANDA', 'DARIO JAVIER', 'LORENA VERONICA', 'JULIA', 'MARIA ELISA']",Frente Todos,San Juan,5,12
Lovera    Daniel Aníbal,Lovera    Daniel Aníbal,"['WALTER MARIO', 'MAURICIO AGUSTIN', 'CARLOS ALBERTO', 'SILVIA DEL CARMEN', 'GUILLERMO JESUS', 'AGUSTIN FEDERICO', 'ALEJANDRA', 'ROMINA', 'DIEGO MARTIN', 'MARIANA ISABEL', 'PAMELA ELEONORA', 'MARCELO ENRIQUE', 'NORBERTO ANGEL', 'JOSE FRANCISCO', 'DIEGO LUCIANO', 'LUIS MARIA', 'MARIA PATRICIA', 'LILIANA', 'MARIA CAROLINA', 'MARIANA', 'NINO SERGIO']",Alianza Frente P/Victoria (Peronismo Pampeano),La Pampa,12,9
Luenzo    Alfredo Héctor,Luenzo    Alfredo Héctor,"['NICOLAS', 'VERONICA SANDRA', 'JUAN MANUEL', 'MARIA', 'GABRIELA BEATRIZ', 'GASTON FEDERICO', 'MARIA FLORENCIA', 'MARIA CONSTANZA', 'ALEJANDRO ANGEL', 'KARINA MARIANA', 'EMILIANO ALBERTO', 'LILIANA DEL VALLE', 'MARCELO ARIEL', 'LILA MABEL', 'WALTER OMAR', 'CAROLINA BEATRIZ', 'LUIS RODRIGO']",Chubut Somos Todos,Chubut,8,9
Marino    Juan Carlos,Marino    Juan Carlos,"['JUAN JOSE', 'MARCELO ARIEL', 'NORMA BEATRIZ', 'IGNACIO RODRIGO', 'MARIA DE LAS MERCEDES', 'KARINA GISELLE', 'ESTEBAN HÉCTOR RICARDO', 'ANALIA SOLEDAD', 'GERALDINE', 'PEDRO CARLOS', 'GABRIEL ALEJANDRO', 'MARIA JULIA', 'CARLA VANESA', 'MARIA VICTORIA', 'ESTEFANIA NAHIR', 'LUCAS', 'DELFINA', 'MARIA SUSANA ANTONIA', 'VICTORIA', 'JOSE MARIA', 'BRUNO', 'MERCEDES', 'AGUSTINA SILVIA', 'NOELIA PATRICIA', 'ARTURO']",Alianza Cambiemos,La Pampa,10,15
Martínez    Ernesto Félix,Martínez    Ernesto Félix,"['LUIS ALBERTO', 'GABRIELA SILVINA', 'LAURICIA', 'SANTIAGO EMILIO', 'JERONIMO WALTER', 'PAMELA HUMILDAD', 'MARCELO', 'GRACIELA NOEMI', 'PEDRO DANIEL', 'MARIANO DANILO', 'SERGIO ALBERTO', 'MARCELO CLAUDIO', 'RICARDO HECTOR', 'JUAN ANDRES', 'FABIAN EDUARDO', 'NICOLAS REYNERIO', 'MONICA SOLEDAD', 'MARIA EUGENIA', 'MATIAS PABLO', 'RODRIGO FRANCISCO', 'SERGIO EDUARDO', 'MARIA AGUSTINA', 'OSCAR HUGO', 'GUSTAVO MARCELO', 'WALTER BASILIO', 'RICARDO ARIEL', 'PATRICIA NOEMI', 'OSVALDO BENJAMIN', 'JUAN PABLO']",Alianza Cambiemos,Córdoba,21,8
Martínez    Julio César,Martínez    Julio César,"['DAMIAN ALFREDO', 'GUSTAVO ANIBAL', 'MATIAS MANUEL', 'ADRIANO', 'GUSTAVO ADRIAN', 'VICTOR HUGO', 'IRMA YANET', 'TIAGO TOMAS', 'LEOPOLDO FRANCISCO', 'JUAN I.', 'EDUARDO EMILIO', 'AMARO RAMON', 'RUBEN HORACIO']",Cambiemos Fuerza Civica Riojana,La Rioja,12,1
Mayans    José Miguel Ángel,Mayans    José Miguel Ángel,"['JOSE DOMINGO SANTIAGO', 'ARMANDO RODOLFO', 'JULIAN', 'GRISELDA GISELLE', 'JORGE RAMON', 'JORGE EUSEBIO', 'RAMON', 'SILVIO ROLANDO', 'DIEGO NICOLAS', 'NOELIA MIRIAM', 'JOAQUIN CESAR ALCIDES', 'SILVIO LEONARDO', 'ANTONIO', 'ALDO RICARDO', 'JORGE ANIBAL', 'GONZALO OMAR', 'EDUARDO ANTONIO', 'NATALIA BELEN', 'MARIA LUISA', 'REINALDO FABIAN', 'SANTIAGO MIGUEL', 'GERMAN ARNOLDO RAMON', 'CESAR F. J.', 'LEILA DORA', 'MARCELO LUIS', 'SERGIO GUSTAVO', 'AUGUSTO GUILLERMO', 'CARLOS RUBEN', 'OSCAR RUBEN', 'ENRIQUE FRANCISCO', 'HUGO ARMANDO', 'GUILLERMO REINALDO', 'MARIA FLORENCIA', 'PEDRO', 'CARLOS RAMON', 'RAMON']",Frente de la Victoria,Formosa,30,6
Menem    Carlos Saúl,Menem    Carlos Saúl,"['JOSE RICARDO', 'JORGE LUIS', 'RAMON ROSA', 'PABLO MARCELO', 'ALEJANDRA GABRIELA', 'ERNESTO ROLANDO', 'OMAR LUIS', 'MELINA ITATI', 'MARIA CELESTE', 'MARIA', 'DIEGO EMANUEL', 'VICTOR HUGO', 'MARIA FLORENCIA', 'CECILIA ROMINA', 'CAROLA FABIANA', 'OSVALDO DANIEL', 'EDUARDO', 'VIVIANA ALACIEL', 'MARIA INES', 'WENDY LOURDES', 'PEDRO RICARDO', 'GILDA MELISA', 'RAFAEL CARLOS', 'FABIANA CAROLINA', 'JUAN DOMINGO']",Frente Justicialista Riojano,La Rioja,13,12
Mera    Dalmacio,Mera    Dalmacio,"['TOMAS ALBERTO', 'AGUSTINA', 'PABLO ERNESTO', 'OSCAR NICOLAS', 'ALFREDO OSVALDO', 'VALERIA MARCELA', 'TOMAS AGUSTIN', 'LUCIANA SOLEDAD', 'RAFAEL AGUSTIN', 'EMILIANO', 'CARLOS JAVIER', 'HERNAN FEDERICO', 'SOLEDAD', 'SILVINA EUGENIA', 'GASTON MARIO', 'NATALIA SILVIA', 'EMILIANO EZEQUIEL', 'CARLOS RAFAEL', 'JUAN MARTIN', 'ADRIAN ANGEL', 'FEDERICO OSCAR', 'MARIA TERESA', 'WALTER OSCAR', 'ELIANA GABRIELA', 'MATIAS NICOLAS', 'SILVIA MARIA', 'VERONICA DANIELA', 'MARIA VICTORIA', 'LUCIANA', 'SEBASTIAN', 'MARINA NATALIA', 'CLAUDIA ROXANA', 'MARIA PIA', 'CESAR RAFAEL', 'JUAN RITO']",Alianza Frente para la Victoria,Catamarca,20,15
Mirkin    Beatriz Graciela,Mirkin    Beatriz Graciela,"['ROMINA DENISE', 'PEDRO SEGUNDO', 'GUILLERMINA PAOLA', 'ELOISA CARLINA', 'ANGELA DEL VALLE', 'OSCAR SIMON', 'VERONICA', 'VICTOR EDUARDO', 'MARIA FLORENCIA', 'MARIA JULIETA', 'MARIA DEL CARMEN', 'MARIA EVA', 'LILIANA RUTH', 'MONICA ALEJANDRA', 'JOSE FRANCISCO', 'EMILIO', 'KAREN YANINA', 'MARÍA LUCILA', 'MONICA TRINIDAD', 'CRISTINA', 'MARIANA', 'MONICA FERNANDA', 'SANDRA ANGELICA']",Alianza Frente para la Victoria,Tucumán,5,18
Montenegro    Gerardo Antenor,Montenegro    Gerardo Antenor,"['RAUL ERNESTO', 'ADELA INES', 'GABRIELA FABIANA', 'MILTON DANIEL', 'MARIA EUGENIA', 'SOFIA', 'SANDRA ELIZABETH', 'CARLOS ALBERTO', 'VALERIA DANIELA ITATI', 'ALICIA', 'CARLOS OSVALDO', 'KAREN NOELIA', 'SILVINA', 'RAMON ARIEL ALEJANDRO', 'LUCIANA', 'DANIEL EDUARDO', 'MARIANA SOFIA', 'JAVIER FERNANDO', 'MAXIMO JOSE', 'VICTORIA RAQUEL', 'GUSTAVO AGUSTIN', 'ENRIQUE ARISTOBULO', 'MARIA EVA', 'RAUL ALEJANDRO', 'ALTEZA TERESITA', 'HORACIO RODOLFO', 'MARIA GUADALUPE', 'JOSE EDGARDO', 'MARIA LAURA', 'OSVALDO ANIBAL', 'PABLO MARIANO', 'MARIA ANGELA', 'NESTOR DANIEL', 'FATIMA SANDRA', 'VANESA DEL CARMEN', 'LEANDRO MAXIMILIANO', 'IVANA ELIANA', 'FEDERICO NICOLAS', 'ROSA BEATRIZ', 'GUSTAVO ALEJANDRO', 'MARCELO DANIEL', 'MIRTA MAGDALENA']",Frente Popular,Santiago del Estero,20,21
Odarda    María Magdalena,Odarda    María Magdalena,"['MARIA CAROLINA', 'MARTA ELIZABETH', 'CLAUDIA ANALI', 'SERGIO MARCELO', 'VIVIANA MARGARITA', 'RICARDO MARTIN', 'DIEGO', 'CESAR HECTOR DAMIAN', 'MARIA LIZA', 'MATIAS SEBASTIAN', 'JUAN ERNESTO', 'DAFNE', 'GUSTAVO ANDRES', 'JOANNA LORENA']",Alianza Frente Progresista,Río Negro,7,7
Ojeda    José Anatolio,Ojeda    José Anatolio,"['NOELIA AYELEN', 'NICOLAS EZEQUIEL', 'MAXIMILIANO ARIEL', 'ALICIA DELIA', 'GABRIELA MERCEDES', 'MARIANA', 'MARIELA EMILSE', 'VICTOR HUGO', 'PABLO JOSE', 'JORGE ALBERTO', 'FRESIA DEL CARMEN', 'VANESA RAQUEL', 'LUCIA', 'MARIA JOSE', 'DANIEL', 'ANDREA LORENA', 'GUADALUPE', 'VANESA ISABEL', 'BELISARIO MARTIN', 'MARIA CARLA', 'FLAVIO JUAN', 'JOSEFINA LUCIA']",Alianza Frente para la Victoria,"Tierra del Fuego, Antártida e Islas del Atlántico Sur",8,14
Pais    Juan Mario,Pais    Juan Mario,"['MARIA ANGELICA', 'ALEJANDRO JAVIER', 'LUCIANO', 'FERNANDO MARTIN', 'BRUNO NICOLAS', 'MANUEL ENRIQUE', 'RAMON ROGELIO', 'EUGENIO JUAN MANUEL', 'LUCIANA ANDREA', 'NICOLAS GASTON', 'GIMENA NAHIR', 'IGNACIO', 'LEANDRO SEBASTIÁN', 'MARCIAL ALEJANDRO', 'FLORENCIA', 'OSCAR ALFREDO', 'RAMIRO', 'OSCAR ALBERTO O.', 'GLADYS EDITH']",Alianza Frente para la Victoria,Chubut,14,5
Pereyra    Guillermo Juan,Pereyra    Guillermo Juan,"['RUBEN MARCELO', 'ALEJANDRO HUGO', 'TAMARA NATALIA', 'GUSTAVO ADRIAN', 'LIDIA DE LOS ANGELES', 'MARTIN GUILLERMO', 'PEDRO DAVID', 'RAUL HECTOR', 'JUAN MANUEL', 'CAMILA NICOLE', 'ESTANISLAO MARTIN', 'HUGO NICOLAS', 'GUSTAVO ALEJANDRO']",Movimiento Popular Neuquino,Neuquén,10,3
Perotti    Omar Ángel,Perotti    Omar Ángel,"['GABRIEL OBDULIO', 'DIEGO MAXIMILIANO', 'PAULA ELISA', 'GUSTAVO LUIS', 'VERONICA ROMINA', 'PERLA VIVIANA', 'MARINA GABRIELA', 'LARA', 'MARINA ANDREA', 'ANDREA ALEXANDRA', 'FABRICIO EDGARDO', 'MARCELO JOSE', 'OSCAR ARGENTINO', 'EDUARDO MIGUEL', 'NORA LILIANA', 'RAMON EMILIANO', 'TOMAS GUIDO', 'CESAR', 'MARIA CECILIA', 'SILVINA VERÓNICA', 'MARIA EUGENIA', 'ANGELINA E.', 'VERÓNICA  ALICIA', 'MANUELA', 'MARIANELA', 'MARIA EUGENIA', 'LEILEN', 'AMERICO OSVALDO', 'LUCIANA ANDREA', 'RENE ANTONIO', 'ALEJANDRO RAMON SEBASTIAN', 'MARIO AGUSTIN', 'MARIANO ALBERTO', 'DARIO NICOLAS']",Alianza Frente para la Victoria,Santa Fe,16,17
Petcoff Naidenoff    Luis Carlos,Petcoff Naidenoff    Luis Carlos,"['CAROLINA', 'HUGO RAUL', 'DARIO ESTEBAN', 'LIBIO MAURO RODRIGO', 'LUIS ALBERTO', 'EDUARDO ALEJANDRO', 'MARCELA ALEJANDRA', 'MONICA ALEJANDRA', 'ANTONIO FERNANDO', 'HUMBERTO MARIO', 'ELVA NOEMI', 'ANDREA BEATRIZ', 'MATILDE', 'MARA SOLEDAD', 'CARLOS ALBERTO', 'JORGE JESUS', 'HUGO ROBERTO', 'JOSE GERARDO', 'ORLANDO GUSTAVO', 'SANTIAGO HERNAN', 'ROSARIO', 'MIGUEL CIRIACO', 'DIEGO RAMON', 'DARIO ALBERTO', 'EMILIANO', 'MIGUEL ENRIQUE', 'ANDRES NICOLAS', 'CLAUDIA', 'SILVIO RAUL', 'CESAR ALEJANDRO', 'MARTIN', 'CESAR HORACIO']",Frente Amplio Formoseño Cambiemos,Formosa,23,9
Pichetto    Miguel Ángel,Pichetto    Miguel Ángel,"['SEBASTIAN GABRIEL', 'SILVIO ULISES', 'PEDRO MARCELO', 'MARIA JOSEFINA', 'MYRIAN LUCIA', 'ESTHER ROSALIA', 'RICARDO JULIO', 'MARCOS DANIEL', 'ANALIA', 'FLAVIA CARINA', 'ESTEBAN ERNESTO', 'CLAUDIA BEATRIZ', 'MARIA PAULA', 'LUISINA NATALI', 'SARA BEATRIZ', 'ENRIQUETA CLAUDINA', 'MARCELO IVAN', 'JUAN PABLO', 'MAXIMILIANO EZEQUIEL', 'MARIA TERESA', 'GABRIEL ARMANDO', 'CARLOS ALFREDO', 'LORENA SOLEDAD', 'CARLA', 'MARILYN SILVANA ANAHI', 'NESTOR OMAR', 'EDGAR ENRIQUE', 'ELBIO GERMAN', 'FEDERICO ANDRES', 'ERICA JORGELINA', 'JUAN CARLOS', 'MARIA AGUSTINA', 'REINALDO OSVALDO', 'LUCIANA CLAUDIA', 'JUAN JOSE', 'DIEGO HERNAN', 'ALEJANDRA ANDREA', 'FERNANDO ADEMAR']",Frente para la Victoria,Río Negro,20,18
Pilatti Vergara    María Inés,Pilatti Vergara    María Inés,"['TOMAS ISE', 'DIEGO HORACIO', 'DIEGO FERNANDO', 'EDUARDO EMILIO', 'MAXIMILIANO', 'ROCIO LAILA', 'JULIAN', 'REYNA MAGDALENA', 'GERARDO JAVIER', 'FABRICIO NELSON', 'OSVALDO GUILLERMO', 'FABIOLA', 'JUAN FACUNDO', 'MOIRA EVELIN', 'JOSE LUIS EDUARDO', 'JUAN PABLO', 'YAMILA DENISE', 'LORENA VANINA', 'SOFIA', 'FLAVIA VERONICA', 'SANTIAGO', 'LAURA INES', 'PABLO FERNANDO', 'MARIANO', 'GUILLERMO RODOLFO FERNANDO', 'MARIA LORENA', 'ROCIO ELIZABETH', 'MARTIN NAHUEL', 'HECTOR RAMON', 'JOSE MIGUEL', 'LILIANA ELISA', 'ROSELLA AGOSTINA', 'PATRICIA MARIANA', 'PABLO ISMAEL']",Frente para la Victoria,Chaco,20,14
Pinedo    Federico,Pinedo    Federico,"['LUCIA', 'ARTURO EDUARDO', 'MARIA SOLEDAD', 'JUSTO JAVIER', 'MARTA GRACIELA', 'LIUBA', 'PABLO', 'MERCEDES', 'MARIA MERCEDES', 'MARIA EMILIA', 'CLOE MARIA', 'MARIA CANDELARIA', 'PEDRO ESTEBAN', 'DIMAS', 'MARIANO', 'MARIA SUSANA', 'ANDREA']",Alianza Unión Pro,Ciudad Autónoma de Buenos Aires,6,11
Poggi    Claudio Javier,Poggi    Claudio Javier,"['MARTA RAQUEL CEFERINA', 'VANESA NOEMI', 'LAUREANO JESUS', 'SONIA SILVANA', 'RICARDO ANIBAL', 'SANDRA MABEL', 'MARIA FERNANDA', 'FABIOLA DANIELA', 'BENITO HUGO', 'NESTOR ALBERTO', 'TERESITA MABEL', 'FAVIO ARIEL', 'SEBASTIAN', 'CARLOS MARINO', 'CLAUDIO DANIEL', 'MONICA MARIELA', 'ROMINA ANDREA', 'JOSE ALBERTO']",Avanzar y Cambiemos por San Luis,San Luis,9,9
Porcel de Riccobelli    Blanca,Porcel de Riccobelli    Blanca,"['HUGO MATIAS', 'VERONICA GRACIELA', 'JOSE RAUL', 'JOAQUIN ALBERTO', 'CARLOS ALBERTO', 'LETICIA', 'ANDRES BARTOLOME', 'ANDREA GABRIELA', 'FLORENCIA', 'AZUL', 'MOISES AMADOR', 'MARIA PILAR', 'MARIA JOSE']",Alianza Frente Cívico,Santiago del Estero,6,7
Reutemann    Carlos Alberto,Reutemann    Carlos Alberto,"['JORGE OMAR', 'FERNANDO MARTIN', 'SEBASTIAN', 'MARCELO AGUSTIN', 'MARIA EUGENIA', 'GUIDO ALAN', 'AUGUSTO', 'JOSEFINA', 'ANA', 'GRACIELA MARIA', 'JOSEMARIA', 'MATIAS EZEQUIEL', 'RUTH ESTER', 'TATIANA', 'IVANA DEBORA', 'ELENA PERLA', 'JOSE LUIS', 'MARIA VERONICA', 'PATRICIA NORA', 'EDUARDO RUBEN', 'BRUNO OMAR']",Alianza Cambiemos,Santa Fe,11,10
Rodríguez Machado    Laura Elena,Rodríguez Machado    Laura Elena,"['LUIS MARIO', 'TEDY', 'MARIA LORENA', 'MARIA SOLEDAD', 'ELIZABETH ALICIA', 'PABLO LUIS', 'GRACIELA BEATRIZ', 'AGUSTINA', 'JENNIFFER', 'JEREMIAS', 'MIRNA GISELA', 'MARIA LAURA', 'DANIELA LAURA', 'VERONICA SANDRA', 'CARLOS ARIEL', 'NICOLAS', 'MATIAS JOSE', 'AMANDA EVA', 'JOAQUIN ANDRES', 'MARIA FLORENCIA', 'RICARDO FRANCISCO', 'JAVIER ALEJANDRO', 'ISABEL MERCEDES', 'RICARDO CHRISTIAN', 'DIEGO MARTIN', 'SERGIO EMILIO', 'MARIA JOSE']",Alianza Cambiemos,Córdoba,13,14
Rodríguez Saá    Adolfo,Rodríguez Saá    Adolfo,"['ROSALINO', 'MARIO OSCAR', 'NESTOR MARCELO', 'JORGE DANIEL', 'JUAN DOMINGO', 'NORA LILIANA', 'ANA CECILIA', 'WENCESLAO', 'CESAR HUMBERTO', 'JUAN PABLO', 'MARIA DE LA PAZ', 'CARLOS FEDERICO', 'ALEJANDRO CESAR', 'MARÍA LUJAN', 'FLORENCIA INES', 'JOSE MARIA', 'MARCELA', 'MATILDE ELINA', 'SERGIO RAFAEL', 'HECTOR RODOLFO', 'GABRIELA MARTA', 'MAURICIO NICOLAS', 'MARIANA', 'LIVIA MABEL', 'CLAUDIA MALVINA', 'SUSANA', 'JOSE CRISTIAN', 'SILVIA RAQUEL', 'MARIA PAULA', 'JORGE ALBERTO', 'AMADO JOSE', 'ANTONIO VICTOR SALVADOR', 'JOEL', 'MARIA MERCEDES', 'GABRIEL AARON', 'HELGA ELENA', 'MONICA SUSANA', 'CARLOS JOSE ANTONIO', 'SANDRA', 'NADYA SOLEDAD']",Frente Unidad Justicialista San Luis,San Luis,20,19
Romero    Juan Carlos,Romero    Juan Carlos,"['RITA BEATRIZ', 'MIRTA MARGARITA', 'AROLDO JESUS', 'FERNANDO JAVIER', 'OMAR NICOLAS', 'GUILLERMO ENRIQUE', 'PAULA EUGENIA', 'JULIO ARGENTINO', 'ANA LUCIA', 'RAMIRO MARTIN', 'HECTOR GUILLERMO', 'JAVIER ALEJANDRO', 'DANIEL MAURO', 'ALEJANDRO JULIO', 'LORENA CINTIA', 'CESAR MIGUEL', 'LORENA CARLA', 'FERNANDO DANIEL', 'LUIS EMILIO', 'NORBERTO OSVALDO', 'EDUARDO', 'DAIANA KAREN', 'HECTOR ADOLFO', 'PABLO GASTON', 'YOSKO']",Frente Popular Salteño,Salta,17,7
Rozas    Ángel,Rozas    Ángel,"['PATRICIO', 'JORGE GABRIEL', 'PATRICIA ANDREA', 'PABLO ESTEBAN', 'ATILIO FEDERICO', 'MAXIMILIANO JORGE ENRIQUE', 'SERGIO JAVIER', 'MARTIN', 'OSCAR ALBERTO', 'BERNARDITA', 'LEANDRO IVAN', 'ALBA VIVIANA', 'MARIANO FERNANDO', 'JOSE FELIX', 'JORGE IGNACIO', 'PAMELA', 'ALEJANDRO']",Unión por Chaco,Chaco,13,4
Sacnun    María de los Ángeles,Sacnun    María de los Ángeles,"['JULIAN ELVIO', 'CAROLINA', 'MELINA PAOLA', 'JOSE ALBERTO', 'TITO GABRIEL LEONARDO', 'FRANCO MAXIMILIANO', 'FABIANA VALERIA', 'GABRIEL OSMAR', 'JUAN PABLO', 'PAULA ANDREA', 'EMILIO FERNANDO', 'PATRICIA', 'MARIELA SILVANA', 'PAOLA CECILIA', 'PABLO GABRIEL', 'NATALIA BELEN', 'RUBEN GABRIEL', 'MATIAS EZEQUIEL', 'MIGUEL ANGEL', 'CRISTIAN PABLO', 'MARIA BELEN', 'MARIO DANIEL', 'MARIA EMILIA']",Alianza Frente para la Victoria,Santa Fe,13,10
Schiavoni    Humberto Luis Arturo,Schiavoni    Humberto Luis Arturo,"['MARIA JOSE', 'LUIS ALEJANDRO', 'MARTIN ALEJANDRO', 'EMILIANO NICOLAS', 'EDUARDO LEANDRO', 'MAXIMILIANO', 'NICOLAS IGNACIO']",Frente Cambiemos,Misiones,6,1
Snopek    Guillermo Eugenio Mario,Snopek    Guillermo Eugenio Mario,"['MARCELA', 'PEDRO JAVIER', 'CARLOS HUGO', 'MARIA ANGELICA', 'LUIS MARTIN', 'CELSO ALEJANDRO', 'HECTOR ESTEBAN', 'MARCELO OCTAVIO', 'DAVID EZEQUIEL', 'JOSE FABIAN', 'VICTOR ALBERTO', 'RAFAEL', 'HECTOR OLINDO', 'LUCAS IGNACIO', 'ANABELLA CINTIA', 'MARIA PAULA', 'OSVALDO', 'CARLOS ALBERTO', 'CARLOS ALBERTO', 'MIGUEL ALBERTO', 'LISANDRO', 'MARIA EUGENIA', 'GUSTAVO HECTOR', 'NESTOR OSCAR', 'VICTOR ORLANDO', 'ALEJANDRO CIRO', 'EMMANUEL IGNACIO', 'TIMOTEO', 'ESTEBAN MARTIN', 'MARIA EMILIA', 'LAURA CAROLINA']",Frente Justicialista,Jujuy,24,7
Solanas    Fernando Ezequiel,Solanas    Fernando Ezequiel,"['JUAN PABLO', 'LORENA IVANNA', 'JOAQUÍN IGNACIO', 'CLAUDIA EVANGELINA ANTONIA', 'PAULO SERGIO', 'AILEN LORENA', 'LUCIANO ALEJANDRO', 'FABIAN CARLOS', 'ENRIQUE MATIAS', 'PABLO ARIEL', 'ALEJANDRO JORGE', 'MARIO ALEJANDRO HILARIO', 'SERGIO JAVIER', 'KIKU ANA', 'ANTONIO ALEJANDRO', 'NICOLAS EMANUEL', 'ANA MARIA', 'MARINA JULIA', 'PABLO DANIEL', 'FELIX JAVIER', 'RICARDO WALTER', 'LUCA RAMIRO', 'PAULO', 'FELIPE HECTOR', 'CAMILO', 'FERNANDO LUIS A.', 'SILVIA INES', 'CHRISTIAN PABLO', 'MARIA JOSE', 'JOEL', 'ALEJANDRO FABIAN']",Alianza Unen,Ciudad Autónoma de Buenos Aires,24,7
Solari  Quintana    Magdalena,Solari  Quintana    Magdalena,"['ADRIAN JORGE', 'JUAN IGNACIO', 'NICOLAS ADRIAN', 'NOEMI RAQUEL', 'NICOLAS DANIEL', 'ANDREA BEATRIZ', 'GUSTAVO MARCELO', 'IRENE NOEMI', 'CARLA GISELLE', 'PABLO SEBASTIAN', 'MARIA CECILIA', 'NORMA CLAUDIA', 'SILVANA MARCELA', 'IVONE ROSANA', 'JUAN JOSE', 'CARLA LUCIA', 'NADIA BEATRIZ IVANNA', 'ROMINA', 'SERGIO JAVIER', 'NESTOR IVAN', 'EDGARDO DARIO', 'VALENTINA', 'CAMILA']",Frente Renovador de la Concordia,Misiones,10,13
Tapia    María Belén,Tapia    María Belén,"['ALDANA EMILIA', 'MARIA AGUSTINA', 'ELENA VIRGINIA', 'MATILDE NOEMI', 'ALDANA VALERIA', 'YOLANDA BEATRIZ', 'SUSANA ELIZABETH', 'ARTURO ALEJANDRO', 'JORGE RAUL', 'JORGE OMAR', 'LAURA BEATRIZ', 'PABLO FERNANDO', 'NICOLÁS', 'JUAN BAUTISTA', 'JULIO']",Union para Vivir Mejor Cambiemos,Santa Cruz,6,8
Uñac    José Rubén,Uñac    José Rubén,"['ENRIQUE CLAUDIO', 'CRISTINA FERNANDA', 'LAURA DELIA', 'PAMELA ANDREA', 'YASSER ARIAN', 'JUAN CRUZ', 'GUILLERMO LEANDRO', 'MARIA ELENA', 'MARIA DE LOS ANGELES', 'MARIA PIA', 'CAMILA', 'MARIA GRACIELA', 'SILVIA LETICIA', 'EUGENIO', 'GUSTAVO JOSE', 'VALERIA LORENA', 'HORACIO ANDRES', 'MARIO ALBERTO', 'RODOLFO CARLOS', 'CAMILA MARIA', 'ESTEBAN ADOLFO', 'GERARDO LUIS', 'SILVINA MARIEL', 'FERNANDO RUBEN']",Frente Todos,San Juan,12,12
Urtubey    Rodolfo Julio,Urtubey    Rodolfo Julio,"['JUAN MANUEL', 'DANIEL ALBERTO', 'CAROLINA RENEE', 'SERGIO', 'RODOLFO CARLOS', 'ARIEL JOSE', 'GEORGINA', 'JUAN MANUEL', 'VIVIANA VIOLETA', 'MARIA GABRIELA', 'ELENA', 'ERNESTO S.', 'LUIS ESTEBAN DEL VALLE', 'MARIA DEL CARMEN', 'MARTIN', 'MARIA DEL ROSARIO', 'LORENA MABEL', 'CANDELARIA', 'ALEJANDRA CECILIA', 'NILDA DEL VALLE', 'NATALIA SOLEDAD']",Frente para la Victoria,Salta,9,12
Varela    Marta,Varela    Marta,"['MANUEL', 'CAROLINA', 'ALEJANDRO DAVID', 'VIRGINIA SOL', 'FERNANDO', 'MARTIN FRANCISCO', 'CARLA SOFIA', 'PAULA', 'CLARA LUISA', 'MARTA GRACIELA', 'CARMEN SUSANA', 'JAVIER LISANDRO', 'JOSEFINA', 'PATRICIA INES', 'JOSE']",Alianza Unión Pro,Ciudad Autónoma de Buenos Aires,6,9
Verasay    Pamela Fernanda,Verasay    Pamela Fernanda,"['FACUNDO DANIEL', 'ROBERTO EDUARDO', 'MARIANA ALEJANDRA', 'MARIA PAULA', 'EDUARDO AGENOR', 'NELSON WILLIAM', 'EDUARDO DANIEL', 'JUAN MANUEL', 'MATIAS JOSE', 'PAMELA DALINDA', 'NOELIA FERNANDA', 'JORGE AUGUSTO', 'JALED HASAN', 'OSVALDO FABIAN', 'MARIANELA LIDIA', 'VALERIA ANDREA', 'HERNAN ABEL', 'SERGIO ALEJANDRO', 'BELEN DEL CARMEN', 'ALEJANDRO ISRAEL', 'MARIA ANDREA']",Alianza Cambiemos,Mendoza,13,8
